{
  "$schema":"http://json-schema.org/draft-04/schema#",
  "title" : "BLT file schema",
  "description" : "A blt file contains application independent data about parts",
  "type" : "object",
  "properties" : {
    "id" : {
      "$ref" : "common.json#/collection_id"
    },
    "name" : {
      "type" : "string"
    },
    "description" : {
      "type" : "string",
      "default" : ""
    },
    "author" : {
      "$ref" : "common.json#/anglebracketlist"
    },
    "license" : {
      "$ref" : "common.json#/anglebracketlist"
    },
    "blt-version" : {
      "type" : "number"
    },
    "partsets" : {
      "type" : "array",
      "items" : {
        "$ref" : "partset.json#/"
      }
    }
  },
  "required" : ["id", "author","license","blt-version","partsets"],
  "additionalProperties" : false
}


