{
  "$schema":"http://json-schema.org/draft-04/schema#",
  "title" : "Part standard schema",
  "description" : "A standard is a way to refer to a part set that is standardized by a official standardization body",
  "type" : "object",
  "properties" : {
    "id" : {
      "$ref" : "common.json#/standard_id",
      "description" : "The id of this standard. This can be used by the user to refer to a part set"
    },
    "name" : {
      "type" : "string",
      "description" : "The human readable name of this standard "
    },
    "description" : {
      "type" : "string",
      "description" : "A human readable description of this standard"
    },
    "group_id" : {
      "$ref" : "common.json#/standardgroup_id",
      "description" : "The id of the standard group, if this standard belongs to one"
    },
    "labeling" : {
      "type" : "string"
    },
    "labeling_safe" : {
      "$ref" : "common.json#/safelabel"
    },
    "body_id" : {
      "$ref" : "common.json#/body_id"
    },
    "year" : {
      "type" : "integer"
    },
    "status" : {
      "type" : "string"
    },
    "replaces" : {
      "$ref" : "common.json#/standard_id"
    }
  },
  "required" : ["id","name","labeling","body_id"],
  "additionalProperties" : false
}

