{
  "$schema":"http://json-schema.org/draft-04/schema#",
  "title" : "Table schema",
  "type" : "object",
  "properties" : {
    "index" : {
      "$ref" : "common.json#/parametername"
    },
    "columns" : {
      "type" : "array",
      "items" : {
        "$ref" : "common.json#/parametername"
      }
    },
    "data" : {
      "type" : "object",
      "patternProperties" : {
        "^[-a-zA-Z0-9_., ]*$" : {
          "type" : "array"
        }
      },
      "additionalProperties" : false
    }
  },
  "required" : ["index","columns","data"],
  "additionalProperties" : false
}

