{
  "$schema":"http://json-schema.org/draft-04/schema#",
  "title" : "2D Table schema",
  "type" : "object",
  "properties" : {
    "rowindex" : {
      "$ref" : "common.json#/parametername"
    },
    "colindex" : {
      "$ref" : "common.json#/parametername"
    },
    "result" : {
      "$ref" : "common.json#/parametername"
    },
    "columns" : {
      "type" : "array",
      "items" : {
        "$ref" : "common.json#/table_index"
      }
    },
    "data" : {
      "type" : "object",
      "patternProperties" : {
        "^[-a-zA-Z0-9_., ]*$" : {
          "type" : "array"
        }
      },
      "additionalProperties" : false
    }
  },
  "required" : ["rowindex","colindex","columns","data","result"],
  "additionalProperties" : false
}

