{
  "$schema":"http://json-schema.org/draft-04/schema#",
  "title" : "Common schema components",
  "description" : "Components that are reused using JSON References",
  "collection_id" : {
    "type" : "string",
    "pattern" : "^[a-z_]*$",
    "description" : "Collection id, must be identical to the filename of the blt file without the extension"
  },
  "partset_id" : {
    "type" : "string",
    "pattern" : "^[a-z_0-9]*$",
    "description" : "Part Set id"
  },
  "name_id" : {
    "type" : "string",
    "pattern" : "^[A-Za-z_0-9]*$",
    "description" : "Named part id"
  },
  "standard_id" : {
    "type" : "string",
    "pattern" : "^[A-Za-z_0-9]*$",
    "description" : "Standard part id"
  },
  "namegroup_id" : {
    "type" : "string",
    "pattern" : "^[A-Za-z_0-9]*$",
    "description" : "Name group id"
  },
  "standardgroup_id" : {
    "type" : "string",
    "pattern" : "^[A-Za-z_0-9]*$",
    "description" : "Standard group id"
  },
  "body_id" : {
    "pattern" : "^[A-Za-z_0-9]*$",
    "description" : "Standardisation body id"
  },
  "parametername" : {
    "type" : "string",
    "pattern" : "^[a-zA-Z0-9_]*$",
    "description" : "Format of a parametername, if changing check also patternProperties in parameters.json"
  },
  "table_index" : {
    "type" : "string",
    "pattern" : "^[-a-zA-Z0-9_., ]*$",
    "description" : "Values of type table index. If changing, check also table.json and table2d.json."
  },
  "bolts_type" : {
    "oneOf" : [
      {"type" : "string", "pattern" : "^Length \\(mm\\)$"},
      {"type" : "string", "pattern" : "^Length \\(in\\)$"},
      {"type" : "string", "pattern" : "^Number$"},
      {"type" : "string", "pattern" : "^Bool$"},
      {"type" : "string", "pattern" : "^Table Index$"},
      {"type" : "string", "pattern" : "^String$"},
      {"type" : "string", "pattern" : "^Angle \\(deg\\)$"}
    ]
  },
  "common_value_tuple" : {
    "type" : "array",
    "items" : {
      "oneOf" : [
        {
          "type" : "string",
          "pattern" : ":"
        },
        {
          "type" : "array"
        }
      ]
    }
  },
  "safestring" : {
    "type" : "string",
    "pattern" : "^[a-zA-Z0-9_-()#]*$"
  },
  "safelabel" : {
    "type" : "string",
    "pattern" : "^[a-zA-Z0-9_-()#%]*$"
  },
  "anglebracketstring" : {
    "type" : "string",
    "pattern" : "^[^<]*(<[^>]*>)?$"
  },
  "anglebracketlist" : {
    "oneOf" : [
      {
        "$ref" : "common.json#/anglebracketstring"
      },{
        "type" : "array",
        "items" : {
          "$ref" : "common.json#/anglebracketstring"
        }
      }
    ]
  }
}

