{
  "$schema":"http://json-schema.org/draft-04/schema#",
  "title" : "Part name schema",
  "description" : "A name is a way to refer to a part set that is not standardized by a official standardization body",
  "type" : "object",
  "properties" : {
    "id" : {
      "$ref" : "common.json#/name_id",
      "description" : "The id of this name. This can be used by the user to refer to a part set by name"
    },
    "name" : {
      "type" : "string",
      "description" : "A human readable name for a part set"
    },
    "description" : {
      "type" : "string",
      "description" : "A human readable description"
    },
    "group_id" : {
      "$ref" : "common.json#/namegroup_id",
      "description" : "The id of the name group, if this name belongs to one"
    },
    "labeling" : {
      "type" : "string"
    },
    "labeling_safe" : {
      "$ref" : "common.json#/safelabel"
    }
  },
  "required" : ["id","name","labeling"],
  "additionalProperties" : false
}

