{
  "$schema":"http://json-schema.org/draft-04/schema#",
  "title" : "Parameter Schema",
  "description" : "Schema for parameter specification",
  "type" : "object",
  "properties" : {
    "types" : {
      "type" : "object",
      "patternProperties" : {
        "^[a-zA-Z0-9_]*$" : {
          "$ref" : "common.json#/bolts_type"
        }
      },
      "additionalProperties" : false
    },
    "description" : {
      "type" : "object",
      "patternProperties" : {
        "^[a-zA-Z0-9_]*$" : {
          "type" : "string"
        }
      },
      "additionalProperties" : false
    },
    "defaults" : {
      "type" : "object",
      "patternProperties" : {
        "^[a-zA-Z0-9_]*$" : {
        }
      },
      "additionalProperties" : false
    },
    "literal" : {
      "type" : "object",
      "patternProperties" : {
        "^[a-zA-Z0-9_]*$" : {
          "type" : "string"
        }
      },
      "additionalProperties" : false
    },
    "free" : {
      "type" : "array",
      "items" : {
        "$ref" : "common.json#/parametername"
      }
    },
    "tables" : {
      "oneOf" : [
        {
          "$ref" : "table.json#"
        },
        {
          "type" : "array",
          "items" : {
            "$ref" : "table.json#"
          }
        }
      ]
    },
    "tables2d" : {
      "oneOf" : [
        {
          "$ref" : "table2d.json#"
        },
        {
          "type" : "array",
          "items" : {
            "$ref" : "table2d.json#"
          }
        }
      ]
    },
    "common" : {
      "type" : "array",
      "items" : {
        "$ref" : "common.json#/common_value_tuple"
      }
    }
  },
  "required" : ["types"],
  "additionalProperties" : false
}
