{
  "$schema":"http://json-schema.org/draft-04/schema#",
  "title" : "Part set schema",
  "description" : "A part set describes a set of variations and different sizes of a part",
  "type" : "object",
  "properties" : {
    "id" : {
      "$ref" : "common.json#/partset_id"
    },
    "names" : {
      "oneOf" : [
        {
          "$ref" : "name.json#"
        },{
          "type" : "array",
          "items" : {
            "$ref" : "name.json#"
          }
        }
      ]
    },
    "standards" : {
      "oneOf" : [
        {
          "$ref" : "standard.json#"
        },{
          "type" : "array",
          "items" : {
            "$ref" : "standard.json#"
          }
        }
      ]
    },
    "parameters" : {
      "$ref" : "parameters.json#"
    }
  }
}
